from,to,dist_m,speed_kmh,weight_sec,road_name,travel_time_sec,traffic_light_delay_sec,maneuver_delay_sec,intersection_delay_sec,left_turn_count,right_turn_count,straight_count
UNESA Ketintang,Universitas Negeri UM,6927.8,40.0,865.5,Jalan Ketintang Timur PTT V A,623.5,0.0,242.0,242.0,15,5,39
UNESA Ketintang,STTS Surabaya,7950.8,40.0,971.57,Jalan Ketintang Timur PTT V A,715.6,30.0,232.0,256.0,8,6,44
UNESA Ketintang,Ciputra World,5330.8,40.0,682.77,Jalan Ketintang Timur PTT V A,479.8,30.0,183.0,203.0,18,3,21
UNESA Ketintang,Royal Plaza,864.8,40.0,125.83,Jalan Ketintang Timur PTT V A,77.8,0.0,48.0,48.0,4,1,6
UNESA Ketintang,Stasiun Gubeng,8021.3,40.0,984.92,Jalan Ketintang Timur PTT V A,721.9,30.0,239.0,263.0,8,7,43
UNESA Ketintang,Terminal Bungurasih,7434.5,40.0,860.11,Jalan Ketintang Timur PTT V A,669.1,15.0,179.0,191.0,8,4,33
UNESA Ketintang,Terminal Wonokromo,2705.3,40.0,338.48,Jalan Ketintang Timur PTT V A,243.5,0.0,95.0,95.0,8,1,15
UNESA Ketintang,Pelabuhan Tanjung Perak,19163.7,42.1,1747.61,Jalan Ketintang Timur PTT V A,1447.6,0.0,300.0,300.0,19,13,25
UNESA Ketintang,RSUD Dr. Soetomo,7000.7,40.0,832.06,Jalan Ketintang Timur PTT V A,630.1,0.0,202.0,202.0,8,6,34
UNESA Ketintang,RS Premier Surabaya,6347.1,40.0,939.24,Jalan Ketintang Timur PTT V A,571.2,30.0,358.0,368.0,11,24,21
UNESA Ketintang,RS Siloam Surabaya,6882.6,40.0,825.43,Jalan Ketintang Timur PTT V A,619.4,0.0,206.0,206.0,5,4,47
UNESA Ketintang,Masjid Al-Akbar,8605.1,41.3,879.46,Jalan Ketintang Timur PTT V A,621.5,0.0,258.0,258.0,20,11,16
UNESA Ketintang,Kebun Binatang Surabaya,3666.0,40.0,476.94,Jalan Ketintang Timur PTT V A,329.9,0.0,147.0,147.0,10,4,19
UNESA Ketintang,Monkasel Surabaya,7715.0,40.0,894.35,Jalan Ketintang Timur PTT V A,694.3,0.0,200.0,200.0,11,4,35
UNESA Ketintang,Simpang Jl. Ahmad Yani,4958.9,40.0,586.3,Jalan Ketintang Timur PTT V A,446.3,0.0,140.0,140.0,5,4,25
UNESA Ketintang,Simpang Wonokromo,1995.7,40.0,248.61,Jalan Ketintang Timur PTT V A,179.6,0.0,69.0,69.0,4,1,13
UNESA Ketintang,Simpang Darmo - Polda,4308.6,40.0,530.77,Jalan Ketintang Timur PTT V A,387.8,0.0,143.0,143.0,7,3,26
UNESA Ketintang,Simpang Urip Sumoharjo,6296.7,40.0,788.7,Jalan Ketintang Timur PTT V A,566.7,0.0,222.0,222.0,10,7,34
UNESA Ketintang,Simpang Basuki Rahmat,6930.9,40.0,818.78,Jalan Ketintang Timur PTT V A,623.8,0.0,195.0,195.0,6,3,45
UNESA Ketintang,Simpang Embong Malang,7459.1,40.0,876.32,Jalan Ketintang Timur PTT V A,671.3,0.0,205.0,205.0,8,3,45
UNESA Ketintang,Bundaran Waru,6685.9,40.0,747.73,Jalan Ketintang Timur PTT V A,601.7,15.0,134.0,146.0,4,3,28
UNESA Ketintang,Simpang Jl. Diponegoro,5167.2,40.0,607.05,Jalan Ketintang Timur PTT V A,465.0,0.0,142.0,142.0,5,3,29
UNESA Ketintang,Simpang Raya Darmo,3279.9,40.0,401.19,Jalan Ketintang Timur PTT V A,295.2,0.0,106.0,106.0,4,2,22
UNESA Ketintang,Simpang Joyoboyo,1634.5,40.0,254.1,Jalan Ketintang Timur PTT V A,147.1,0.0,107.0,107.0,2,7,9
UNESA Ketintang,Simpang HR Muhammad,4865.2,40.0,641.87,Jalan Ketintang Timur PTT V A,437.9,0.0,204.0,204.0,5,11,23
ITS Sukolilo,Universitas Airlangga,3872.4,40.0,502.52,Jalan Arief Rahman Hakim,348.5,0.0,154.0,154.0,9,4,23
ITS Sukolilo,Universitas Surabaya,3166.3,40.0,473.97,Jalan Arief Rahman Hakim,285.0,15.0,179.0,189.0,10,9,13
ITS Sukolilo,STTS Surabaya,8797.8,40.0,1140.8,Jalan Arief Rahman Hakim,791.8,30.0,329.0,349.0,37,6,28
ITS Sukolilo,Galaxy Mall,1334.5,40.0,236.11,Jalan Arief Rahman Hakim,120.1,0.0,116.0,116.0,8,7,2
ITS Sukolilo,Stasiun Gubeng,8868.3,40.0,1154.15,Jalan Arief Rahman Hakim,798.1,30.0,336.0,356.0,37,7,27
ITS Sukolilo,RSUD Dr. Soetomo,8202.9,40.0,1074.26,Jalan Arief Rahman Hakim,738.3,0.0,336.0,336.0,41,8,17
ITS Sukolilo,RS Premier Surabaya,4471.9,40.0,650.47,Jalan Arief Rahman Hakim,402.5,15.0,238.0,248.0,23,9,11
ITS Sukolilo,Monkasel Surabaya,8692.6,40.0,1144.33,Jalan Arief Rahman Hakim,782.3,45.0,330.0,362.0,41,5,25
ITS Sukolilo,Simpang Kenjeran,7887.9,40.0,967.91,Jalan Arief Rahman Hakim,709.9,0.0,258.0,258.0,21,3,41
ITS Sukolilo,Simpang Jl. Diponegoro,7428.1,40.0,981.53,Jalan Arief Rahman Hakim,668.5,0.0,313.0,313.0,37,8,16
ITS Sukolilo,Simpang HR Muhammad,7137.1,40.0,930.34,Jalan Arief Rahman Hakim,642.3,0.0,288.0,288.0,22,10,26
ITS Sukolilo,Simpang Mulyosari,6546.2,40.0,818.16,Jalan Arief Rahman Hakim,589.2,0.0,229.0,229.0,11,6,38
Universitas Airlangga,Universitas Surabaya,4340.8,40.0,540.67,Jalan Doktor Insinyur Haji Soekarno,390.7,15.0,140.0,150.0,6,2,30
Universitas Airlangga,STTS Surabaya,5789.7,40.0,771.07,Jalan Doktor Insinyur Haji Soekarno,521.1,15.0,238.0,250.0,30,4,16
Universitas Airlangga,Galaxy Mall,2325.5,40.0,272.3,Jalan Doktor Insinyur Haji Soekarno,209.3,0.0,63.0,63.0,0,0,21
Universitas Airlangga,Stasiun Gubeng,5860.2,40.0,784.42,Jalan Doktor Insinyur Haji Soekarno,527.4,15.0,245.0,257.0,30,5,15
Universitas Airlangga,RSUD Dr. Soetomo,6979.4,40.0,899.15,Jalan Doktor Insinyur Haji Soekarno,628.1,30.0,247.0,271.0,31,5,14
Universitas Airlangga,RS Premier Surabaya,5646.4,40.0,717.18,Jalan Doktor Insinyur Haji Soekarno,508.2,15.0,199.0,209.0,19,2,28
Universitas Airlangga,Monkasel Surabaya,5684.5,40.0,774.61,Jalan Doktor Insinyur Haji Soekarno,511.6,30.0,239.0,263.0,34,3,13
Universitas Airlangga,Simpang Kenjeran,4080.3,40.0,492.23,Jalan Doktor Insinyur Haji Soekarno,367.2,0.0,125.0,125.0,13,0,20
Universitas Airlangga,Simpang Jl. Diponegoro,6518.9,40.0,837.7,Jalan Doktor Insinyur Haji Soekarno,586.7,0.0,251.0,251.0,23,7,22
Universitas Airlangga,Simpang HR Muhammad,6227.9,40.0,786.51,Jalan Doktor Insinyur Haji Soekarno,560.5,0.0,226.0,226.0,8,9,32
Universitas Airlangga,Simpang Mulyosari,2738.6,40.0,342.47,Jalan Doktor Insinyur Haji Soekarno,246.5,0.0,96.0,96.0,3,3,17
Universitas Surabaya,Galaxy Mall,2598.9,39.1,346.09,Jalan Semolowaru Tengah VII,257.1,0.0,89.0,89.0,1,3,18
Universitas Surabaya,RS Premier Surabaya,1948.5,40.0,300.37,Jalan Semolowaru Tengah VII,175.4,0.0,125.0,125.0,14,4,5
Universitas Surabaya,Simpang Wonokromo,6528.0,40.0,937.52,Jalan Semolowaru Tengah VII,587.5,0.0,350.0,350.0,35,13,15
Universitas Surabaya,Simpang Jl. Diponegoro,5941.5,40.0,825.73,Jalan Semolowaru Tengah VII,534.7,0.0,291.0,291.0,40,4,17
Universitas Surabaya,Simpang HR Muhammad,3693.5,40.0,552.41,Jalan Semolowaru Tengah VII,332.4,0.0,220.0,220.0,30,4,10
Universitas Surabaya,Simpang Mulyosari,7316.2,39.7,911.65,Jalan Semolowaru Tengah VII,681.7,0.0,230.0,230.0,3,5,55
Universitas Negeri UM,STTS Surabaya,3687.5,40.0,522.87,Jalan Kedungsari,331.9,0.0,191.0,191.0,2,13,17
Universitas Negeri UM,Tunjungan Plaza,1957.1,40.0,293.14,Jalan Kedungsari,176.1,45.0,88.0,117.0,2,3,16
Universitas Negeri UM,Grand City Mall,4004.9,40.0,614.44,Jalan Kedungsari,360.4,45.0,225.0,254.0,2,14,25
Universitas Negeri UM,BG Junction,1513.2,40.0,222.19,Jalan Kedungsari,136.2,30.0,62.0,86.0,2,1,14
Universitas Negeri UM,Ciputra World,5258.9,40.0,669.3,Jalan Kedungsari,473.3,45.0,164.0,196.0,10,3,28
Universitas Negeri UM,Royal Plaza,8072.6,40.0,982.53,Jalan Kedungsari,726.5,15.0,244.0,256.0,5,9,43
Universitas Negeri UM,Stasiun Gubeng,4321.6,40.0,604.94,Jalan Kedungsari,388.9,30.0,192.0,216.0,3,12,19
Universitas Negeri UM,Stasiun Pasar Turi,4025.1,40.0,557.26,Jalan Kedungsari,362.3,0.0,195.0,195.0,10,7,25
Universitas Negeri UM,Terminal Wonokromo,4981.9,40.0,636.37,Jalan Kedungsari,448.4,45.0,154.0,188.0,5,3,33
Universitas Negeri UM,Pelabuhan Tanjung Perak,13572.0,40.0,1519.48,Jalan Kedungsari,1221.5,75.0,242.0,298.0,20,4,34
Universitas Negeri UM,RSUD Dr. Soetomo,3301.0,40.0,452.09,Jalan Kedungsari,297.1,0.0,155.0,155.0,3,11,10
Universitas Negeri UM,RS Siloam Surabaya,2365.9,40.0,311.93,Jalan Kedungsari,212.9,0.0,99.0,99.0,2,5,13
Universitas Negeri UM,Balai Kota Surabaya,2874.4,40.0,426.7,Jalan Kedungsari,258.7,30.0,144.0,168.0,2,5,28
Universitas Negeri UM,Tugu Pahlawan,3139.6,40.0,441.56,Jalan Kedungsari,282.6,30.0,135.0,159.0,3,3,30
Universitas Negeri UM,Masjid Al-Akbar,16492.7,43.8,1338.5,Jalan Kedungsari,1036.5,75.0,246.0,302.0,22,4,32
Universitas Negeri UM,Kebun Binatang Surabaya,4302.4,40.0,548.22,Jalan Kedungsari,387.2,45.0,127.0,161.0,4,2,29
Universitas Negeri UM,Monkasel Surabaya,4015.3,40.0,514.38,Jalan Kedungsari,361.4,0.0,153.0,153.0,6,9,11
Universitas Negeri UM,House of Sampoerna,4250.2,40.0,592.52,Jalan Kedungsari,382.5,30.0,186.0,210.0,11,2,37
Universitas Negeri UM,Simpang Jl. Ahmad Yani,9057.7,40.0,1087.19,Jalan Kedungsari,815.2,15.0,260.0,272.0,5,10,45
Universitas Negeri UM,Simpang Wonokromo,5682.7,40.0,712.44,Jalan Kedungsari,511.4,15.0,189.0,201.0,3,6,38
Universitas Negeri UM,Simpang Darmo - Polda,3081.5,40.0,380.34,Jalan Kedungsari,277.3,15.0,91.0,103.0,2,3,17
Universitas Negeri UM,Simpang Urip Sumoharjo,1435.0,40.0,187.15,Jalan Kedungsari,129.2,0.0,58.0,58.0,2,3,6
Universitas Negeri UM,Simpang Basuki Rahmat,1622.7,40.0,223.04,Jalan Kedungsari,146.0,0.0,77.0,77.0,3,5,4
Universitas Negeri UM,Simpang Embong Malang,2150.9,40.0,280.58,Jalan Kedungsari,193.6,0.0,87.0,87.0,5,5,4
Universitas Negeri UM,Simpang Pemuda - Gubernur,3626.1,40.0,558.35,Jalan Kedungsari,326.3,45.0,203.0,232.0,4,12,21
Universitas Negeri UM,Simpang Jl. Diponegoro,3637.5,40.0,536.38,Jalan Kedungsari,327.4,30.0,199.0,209.0,3,13,18
Universitas Negeri UM,Simpang Raya Darmo,4204.5,40.0,525.41,Jalan Kedungsari,378.4,15.0,135.0,147.0,2,5,25
Universitas Negeri UM,Simpang Joyoboyo,7359.1,40.0,960.32,Jalan Kedungsari,662.3,15.0,286.0,298.0,9,13,37
Universitas Negeri UM,Simpang HR Muhammad,6359.3,40.0,880.34,Jalan Kedungsari,572.3,45.0,288.0,308.0,7,19,21
STTS Surabaya,Tunjungan Plaza,2689.6,40.0,362.06,Jalan Melati,242.1,0.0,120.0,120.0,14,2,10
STTS Surabaya,Grand City Mall,1487.6,40.0,220.88,Jalan Kusuma Bangsa,133.9,30.0,63.0,87.0,0,0,21
STTS Surabaya,BG Junction,3841.3,40.0,527.72,Jalan Melati,345.7,15.0,172.0,182.0,22,2,14
STTS Surabaya,Ciputra World,7604.2,40.0,999.38,Jalan Melati,684.4,45.0,283.0,315.0,20,9,31
STTS Surabaya,Royal Plaza,9448.6,40.0,1128.37,Jalan Melati,850.4,60.0,246.0,278.0,9,9,37
STTS Surabaya,Stasiun Gubeng,1338.4,40.0,169.46,Jalan Kusuma Bangsa,120.5,0.0,49.0,49.0,0,1,13
STTS Surabaya,Stasiun Pasar Turi,4586.3,40.0,656.77,Jalan Melati,412.8,30.0,224.0,244.0,31,3,13
STTS Surabaya,Terminal Wonokromo,9275.2,40.0,1118.77,Jalan Melati,834.8,60.0,252.0,284.0,12,9,34
STTS Surabaya,RSUD Dr. Soetomo,3369.8,40.0,401.28,Jalan Melati,303.3,15.0,86.0,98.0,2,4,12
STTS Surabaya,RS Siloam Surabaya,1820.5,40.0,250.84,Jalan Melati,163.8,0.0,87.0,87.0,8,2,9
STTS Surabaya,Balai Kota Surabaya,3490.7,40.0,488.16,Jalan Melati,314.2,30.0,154.0,174.0,19,2,13
STTS Surabaya,Tugu Pahlawan,3642.8,40.0,513.85,Jalan Melati,327.9,30.0,166.0,186.0,20,3,12
STTS Surabaya,Kebun Binatang Surabaya,6370.4,40.0,836.34,Jalan Melati,573.3,45.0,229.0,263.0,14,6,33
STTS Surabaya,House of Sampoerna,4753.4,40.0,664.81,Jalan Melati,427.8,30.0,217.0,237.0,28,2,19
STTS Surabaya,Simpang Jl. Ahmad Yani,10433.7,40.0,1233.03,Jalan Melati,939.0,60.0,262.0,294.0,9,10,39
STTS Surabaya,Simpang Wonokromo,8565.6,40.0,1028.9,Jalan Melati,770.9,60.0,226.0,258.0,8,9,32
STTS Surabaya,Simpang Darmo - Polda,5000.4,40.0,637.04,Jalan Melati,450.0,15.0,175.0,187.0,15,4,20
STTS Surabaya,Simpang Urip Sumoharjo,5189.5,40.0,671.05,Jalan Melati,467.1,15.0,192.0,204.0,15,6,19
STTS Surabaya,Simpang Basuki Rahmat,3293.1,40.0,430.38,Jalan Melati,296.4,0.0,134.0,134.0,15,2,13
STTS Surabaya,Simpang Embong Malang,3821.3,40.0,487.92,Jalan Melati,343.9,0.0,144.0,144.0,17,2,13
STTS Surabaya,Simpang Pemuda - Gubernur,1479.2,40.0,227.13,Jalan Melati,133.1,15.0,84.0,94.0,6,3,8
STTS Surabaya,Bundaran Waru,12160.7,40.0,1394.46,Jalan Melati,1094.5,75.0,256.0,300.0,8,9,42
STTS Surabaya,Simpang Kenjeran,5140.8,40.0,713.67,Jalan Melati,462.7,30.0,241.0,251.0,2,15,27
STTS Surabaya,Simpang Jl. Diponegoro,3542.1,40.0,486.79,Jalan Melati,318.8,45.0,146.0,168.0,3,8,17
STTS Surabaya,Simpang Raya Darmo,6007.3,40.0,754.66,Jalan Melati,540.7,15.0,202.0,214.0,9,7,29
STTS Surabaya,Simpang Joyoboyo,8735.1,40.0,1106.16,Jalan Melati,786.2,60.0,288.0,320.0,13,13,31
STTS Surabaya,Simpang HR Muhammad,6263.9,40.0,830.75,Jalan Melati,563.8,60.0,235.0,267.0,7,14,20
STTS Surabaya,Simpang Mulyosari,7493.9,40.0,1059.45,Jalan Melati,674.5,30.0,375.0,385.0,13,25,20
Tunjungan Plaza,Grand City Mall,2667.3,40.0,365.06,Jalan Tunjungan,240.1,0.0,125.0,125.0,0,8,15
Tunjungan Plaza,Ciputra World,7067.9,40.0,886.11,Jalan Tunjungan,636.1,45.0,218.0,250.0,15,2,41
Tunjungan Plaza,Stasiun Gubeng,3267.8,40.0,435.1,Jalan Tunjungan,294.1,0.0,141.0,141.0,0,9,17
Tunjungan Plaza,Stasiun Pasar Turi,3855.6,40.0,511.0,Jalan Tunjungan,347.0,0.0,164.0,164.0,11,4,23
Tunjungan Plaza,Terminal Wonokromo,6125.3,40.0,812.28,Jalan Tunjungan,551.3,30.0,239.0,261.0,8,7,43
Tunjungan Plaza,RSUD Dr. Soetomo,3863.0,40.0,491.67,Jalan Tunjungan,347.7,0.0,144.0,144.0,1,10,13
Tunjungan Plaza,RS Siloam Surabaya,765.4,40.0,90.89,Jalan Tunjungan,68.9,0.0,22.0,22.0,0,1,4
Tunjungan Plaza,Balai Kota Surabaya,3236.7,40.0,426.3,Jalan Tunjungan,291.3,15.0,125.0,135.0,10,3,15
Tunjungan Plaza,Tugu Pahlawan,3388.8,40.0,451.99,Jalan Tunjungan,305.0,15.0,137.0,147.0,11,4,14
Tunjungan Plaza,Kebun Binatang Surabaya,5445.8,40.0,724.12,Jalan Tunjungan,490.1,30.0,212.0,234.0,7,6,39
Tunjungan Plaza,Monkasel Surabaya,2175.4,40.0,301.79,Jalan Tunjungan,195.8,0.0,106.0,106.0,0,7,12
Tunjungan Plaza,House of Sampoerna,4499.4,40.0,602.95,Jalan Tunjungan,404.9,15.0,188.0,198.0,19,3,21
Tunjungan Plaza,Simpang Wonokromo,9058.8,40.0,1119.29,Jalan Tunjungan,815.3,45.0,284.0,304.0,7,15,33
Tunjungan Plaza,Simpang Darmo - Polda,4075.8,40.0,524.82,Jalan Tunjungan,366.8,0.0,158.0,158.0,8,4,26
Tunjungan Plaza,Simpang Urip Sumoharjo,3244.0,40.0,403.96,Jalan Tunjungan,292.0,0.0,112.0,112.0,7,2,19
Tunjungan Plaza,Simpang Basuki Rahmat,603.5,40.0,68.31,Jalan Tunjungan,54.3,0.0,14.0,14.0,1,0,3
Tunjungan Plaza,Simpang Embong Malang,1131.7,40.0,125.85,Jalan Tunjungan,101.9,0.0,24.0,24.0,3,0,3
Tunjungan Plaza,Simpang Pemuda - Gubernur,2288.5,40.0,308.96,Jalan Tunjungan,206.0,0.0,103.0,103.0,2,6,11
Tunjungan Plaza,Simpang Kenjeran,5474.3,40.0,820.69,Jalan Tunjungan,492.7,0.0,328.0,328.0,2,24,26
Tunjungan Plaza,Simpang Jl. Diponegoro,4035.3,40.0,577.18,Jalan Tunjungan,363.2,30.0,204.0,214.0,2,14,18
Tunjungan Plaza,Simpang Raya Darmo,5082.7,40.0,642.44,Jalan Tunjungan,457.4,0.0,185.0,185.0,2,7,35
Tunjungan Plaza,Simpang HR Muhammad,6757.1,40.0,921.14,Jalan Tunjungan,608.1,45.0,293.0,313.0,6,20,21
Grand City Mall,BG Junction,4351.1,40.0,612.6,Jalan Pecindilan II,391.6,30.0,199.0,221.0,14,6,23
Grand City Mall,Stasiun Gubeng,2243.4,40.0,272.91,Jalan Kapasari,201.9,15.0,59.0,71.0,1,0,18
Grand City Mall,Stasiun Pasar Turi,3880.3,40.0,545.23,Jalan Pecindilan II,349.2,0.0,196.0,196.0,20,6,12
Grand City Mall,Pelabuhan Tanjung Perak,7919.7,40.0,961.77,Jalan Pecindilan II,712.8,0.0,249.0,249.0,13,7,38
Grand City Mall,RSUD Dr. Soetomo,4411.1,40.0,541.0,Jalan Kapasari,397.0,45.0,110.0,144.0,4,3,20
Grand City Mall,RS Siloam Surabaya,2604.3,40.0,369.39,Jalan Kapasari,234.4,45.0,103.0,135.0,11,0,16
Grand City Mall,Balai Kota Surabaya,2784.7,40.0,376.62,Jalan Pecindilan II,250.6,0.0,126.0,126.0,8,5,12
Grand City Mall,Tugu Pahlawan,2515.5,40.0,343.4,Jalan Pecindilan II,226.4,0.0,117.0,117.0,8,5,9
Grand City Mall,Monkasel Surabaya,3116.2,40.0,416.46,Jalan Kapasari,280.5,45.0,102.0,136.0,7,1,19
Grand City Mall,House of Sampoerna,4047.4,40.0,553.27,Jalan Pecindilan II,364.3,0.0,189.0,189.0,17,5,18
Grand City Mall,Simpang Wonokromo,9606.9,40.0,1168.62,Jalan Kapasari,864.6,90.0,250.0,304.0,10,8,40
Grand City Mall,Simpang Darmo - Polda,6041.7,40.0,776.75,Jalan Kapasari,543.8,45.0,199.0,233.0,17,3,28
Grand City Mall,Simpang Urip Sumoharjo,6230.8,40.0,810.77,Jalan Kapasari,560.8,45.0,216.0,250.0,17,5,27
Grand City Mall,Simpang Basuki Rahmat,4301.9,40.0,562.17,Jalan Pecindilan II,387.2,0.0,175.0,175.0,11,6,20
Grand City Mall,Simpang Embong Malang,4830.1,40.0,619.71,Jalan Pecindilan II,434.7,0.0,185.0,185.0,13,6,20
Grand City Mall,Simpang Pemuda - Gubernur,1946.7,40.0,270.2,Jalan Kapasari,175.2,0.0,95.0,95.0,7,3,10
Grand City Mall,Simpang Kenjeran,2937.5,40.0,493.38,Jalan Kapasari,264.4,0.0,229.0,229.0,2,18,13
Grand City Mall,Simpang Jl. Diponegoro,4583.4,40.0,626.51,Jalan Kapasari,412.5,75.0,170.0,214.0,5,7,25
Grand City Mall,Simpang Raya Darmo,7048.6,40.0,894.37,Jalan Kapasari,634.4,45.0,226.0,260.0,11,6,37
Grand City Mall,Simpang HR Muhammad,7305.2,40.0,970.47,Jalan Kapasari,657.5,90.0,259.0,313.0,9,13,28
Galaxy Mall,RSUD Dr. Soetomo,6934.1,40.0,895.07,Jalan Doktor Insinyur Haji Soekarno,624.1,0.0,271.0,271.0,34,5,17
Galaxy Mall,RS Premier Surabaya,3320.9,40.0,444.88,Jalan Doktor Insinyur Haji Soekarno,298.9,15.0,136.0,146.0,19,2,7
Galaxy Mall,Simpang Kenjeran,6877.1,40.0,821.94,Jalan Doktor Insinyur Haji Soekarno,618.9,0.0,203.0,203.0,13,0,46
Galaxy Mall,Simpang Jl. Diponegoro,6159.3,40.0,802.34,Jalan Doktor Insinyur Haji Soekarno,554.3,0.0,248.0,248.0,30,5,16
Galaxy Mall,Simpang HR Muhammad,4314.1,40.0,642.27,Jalan Doktor Insinyur Haji Soekarno,388.3,0.0,254.0,254.0,25,9,13
Galaxy Mall,Simpang Mulyosari,5535.4,40.0,672.19,Jalan Doktor Insinyur Haji Soekarno,498.2,0.0,174.0,174.0,3,3,43
BG Junction,Stasiun Gubeng,3711.7,40.0,506.05,Jalan Praban,334.1,15.0,167.0,172.0,0,11,19
BG Junction,Stasiun Pasar Turi,2262.3,40.0,323.61,Jalan Bubutan,203.6,0.0,120.0,120.0,7,4,15
BG Junction,Pelabuhan Tanjung Perak,11510.1,40.0,1321.91,Jalan Bubutan,1035.9,30.0,266.0,286.0,25,6,27
BG Junction,RSUD Dr. Soetomo,4306.9,40.0,562.62,Jalan Praban,387.6,15.0,170.0,175.0,1,12,15
BG Junction,RS Siloam Surabaya,1209.3,40.0,161.84,Jalan Praban,108.8,15.0,48.0,53.0,0,3,6
BG Junction,Balai Kota Surabaya,1361.2,40.0,204.51,Jalan Bubutan,122.5,0.0,82.0,82.0,0,4,14
BG Junction,Tugu Pahlawan,1626.4,40.0,219.38,Jalan Bubutan,146.4,0.0,73.0,73.0,1,2,16
BG Junction,Masjid Al-Akbar,17121.0,43.8,1374.05,Jalan Bubutan,1093.1,30.0,261.0,281.0,26,5,27
BG Junction,Kebun Binatang Surabaya,5425.2,40.0,712.27,Jalan Kranggan,488.3,45.0,190.0,224.0,5,3,45
BG Junction,Monkasel Surabaya,2619.3,40.0,372.74,Jalan Praban,235.7,15.0,132.0,137.0,0,9,14
BG Junction,House of Sampoerna,2737.0,40.0,370.33,Jalan Bubutan,246.3,0.0,124.0,124.0,9,1,23
BG Junction,Simpang Darmo - Polda,4204.3,40.0,544.39,Jalan Kranggan,378.4,15.0,154.0,166.0,3,4,33
BG Junction,Simpang Urip Sumoharjo,2557.8,40.0,351.2,Jalan Kranggan,230.2,0.0,121.0,121.0,3,4,22
BG Junction,Simpang Basuki Rahmat,1047.4,40.0,139.27,Jalan Praban,94.3,15.0,40.0,45.0,1,2,5
BG Junction,Simpang Pemuda - Gubernur,2112.9,40.0,336.16,Jalan Praban,190.2,15.0,141.0,146.0,2,11,7
BG Junction,Simpang Kenjeran,5298.7,40.0,847.88,Jalan Praban,476.9,15.0,366.0,371.0,2,29,22
BG Junction,Simpang Jl. Diponegoro,4479.2,40.0,648.13,Jalan Praban,403.1,45.0,230.0,245.0,2,16,20
BG Junction,Simpang Raya Darmo,5526.6,40.0,713.39,Jalan Praban,497.4,15.0,211.0,216.0,2,9,37
BG Junction,Simpang HR Muhammad,7201.0,40.0,992.09,Jalan Praban,648.1,60.0,319.0,344.0,6,22,23
Ciputra World,Royal Plaza,4624.7,40.0,684.22,Jalan Kris Kencana Baru,416.2,0.0,268.0,268.0,11,15,21
Ciputra World,Terminal Bungurasih,11202.5,42.7,1032.6,Jalan Mayor Jenderal Sungkono,743.6,0.0,289.0,289.0,26,12,13
Ciputra World,Terminal Wonokromo,2852.1,40.0,423.69,Jalan Kris Kencana Baru,256.7,0.0,167.0,167.0,5,10,14
Ciputra World,Pelabuhan Tanjung Perak,15326.4,41.1,1385.66,Jalan Mayor Jenderal Sungkono,1213.7,0.0,172.0,172.0,20,3,14
Ciputra World,Masjid Al-Akbar,9743.9,44.2,769.32,Jalan Mayor Jenderal Sungkono,612.3,0.0,157.0,157.0,22,2,9
Ciputra World,Kebun Binatang Surabaya,2891.3,40.0,484.22,Jalan Mayor Jenderal Sungkono,260.2,60.0,192.0,224.0,6,15,4
Ciputra World,Simpang Jl. Ahmad Yani,12149.1,42.7,1108.79,Jalan Mayor Jenderal Sungkono,828.8,0.0,280.0,280.0,25,11,15
Ciputra World,Simpang Wonokromo,5377.6,40.0,773.98,Jalan Mayor Jenderal Sungkono,484.0,30.0,280.0,290.0,6,19,20
Ciputra World,Simpang Darmo - Polda,3744.9,40.0,546.04,Jalan Mayor Jenderal Sungkono,337.0,30.0,199.0,209.0,11,12,8
Ciputra World,Simpang Urip Sumoharjo,4914.8,35.0,1032.76,Jalan Mayor Jenderal Sungkono,811.8,0.0,221.0,221.0,11,10,22
Ciputra World,Simpang Basuki Rahmat,7170.0,36.5,1128.54,Jalan Mayor Jenderal Sungkono,920.5,0.0,208.0,208.0,10,5,36
Ciputra World,Bundaran Waru,11248.7,42.7,1062.75,Jalan Mayor Jenderal Sungkono,747.8,0.0,315.0,315.0,25,16,10
Ciputra World,Simpang Jl. Diponegoro,5817.2,40.0,881.55,Jalan Mayor Jenderal Sungkono,523.5,30.0,348.0,358.0,6,27,16
Ciputra World,Simpang Raya Darmo,3761.0,40.0,584.49,Jalan Mayor Jenderal Sungkono,338.5,60.0,221.0,246.0,6,17,7
Ciputra World,Simpang Joyoboyo,4069.1,40.0,580.22,Jalan Kris Kencana Baru,366.2,0.0,214.0,214.0,9,10,23
Royal Plaza,Stasiun Gubeng,7156.5,40.0,859.08,Jalan Ahmad Yani,644.1,30.0,191.0,215.0,4,6,37
Royal Plaza,Terminal Bungurasih,6130.0,40.0,680.7,Jalan Ahmad Yani,551.7,15.0,117.0,129.0,4,1,29
Royal Plaza,Terminal Wonokromo,1840.5,40.0,212.65,Jalan Ahmad Yani,165.6,0.0,47.0,47.0,4,0,9
Royal Plaza,RSUD Dr. Soetomo,6135.9,40.0,706.23,Jalan Ahmad Yani,552.2,0.0,154.0,154.0,4,5,28
Royal Plaza,RS Premier Surabaya,5482.3,40.0,813.41,Jalan Ahmad Yani,493.4,30.0,310.0,320.0,7,23,15
Royal Plaza,RS Siloam Surabaya,6017.8,40.0,699.6,Jalan Ahmad Yani,541.6,0.0,158.0,158.0,1,3,41
Royal Plaza,Masjid Al-Akbar,8384.3,41.3,862.59,Jalan Ketintang,601.6,0.0,261.0,261.0,23,11,12
Royal Plaza,Kebun Binatang Surabaya,2801.2,40.0,351.11,Jalan Ahmad Yani,252.1,0.0,99.0,99.0,6,3,13
Royal Plaza,Monkasel Surabaya,6850.2,40.0,768.52,Jalan Ahmad Yani,616.5,0.0,152.0,152.0,7,3,29
Royal Plaza,Simpang Jl. Ahmad Yani,3654.4,40.0,406.9,Jalan Ahmad Yani,328.9,0.0,78.0,78.0,1,1,21
Royal Plaza,Simpang Wonokromo,1130.9,40.0,122.78,Jalan Ahmad Yani,101.8,0.0,21.0,21.0,0,0,7
Royal Plaza,Simpang Darmo - Polda,3443.8,40.0,404.94,Jalan Ahmad Yani,309.9,0.0,95.0,95.0,3,2,20
Royal Plaza,Simpang Urip Sumoharjo,5431.9,40.0,662.87,Jalan Ahmad Yani,488.9,0.0,174.0,174.0,6,6,28
Royal Plaza,Simpang Basuki Rahmat,6066.1,40.0,692.95,Jalan Ahmad Yani,545.9,0.0,147.0,147.0,2,2,39
Royal Plaza,Simpang Embong Malang,6594.3,40.0,750.49,Jalan Ahmad Yani,593.5,0.0,157.0,157.0,4,2,39
Royal Plaza,Bundaran Waru,5381.4,40.0,568.33,Jalan Ahmad Yani,484.3,15.0,72.0,84.0,0,0,24
Royal Plaza,Simpang Jl. Diponegoro,4302.4,40.0,481.22,Jalan Ahmad Yani,387.2,0.0,94.0,94.0,1,2,23
Royal Plaza,Simpang Raya Darmo,2415.1,40.0,275.36,Jalan Ahmad Yani,217.4,0.0,58.0,58.0,0,1,16
Royal Plaza,Simpang Joyoboyo,1300.4,40.0,200.04,Jalan Ahmad Yani,117.0,0.0,83.0,83.0,5,4,6
Royal Plaza,Simpang HR Muhammad,4000.4,40.0,516.04,Jalan Ahmad Yani,360.0,0.0,156.0,156.0,1,10,17
Stasiun Gubeng,Stasiun Pasar Turi,5285.7,40.0,752.71,Jalan Stasiun Gubeng,475.7,45.0,245.0,277.0,31,3,20
Stasiun Gubeng,Terminal Wonokromo,7847.6,40.0,973.28,Jalan Stasiun Gubeng,706.3,90.0,215.0,267.0,14,7,25
Stasiun Gubeng,RS Siloam Surabaya,2166.4,40.0,321.98,Jalan Stasiun Gubeng,195.0,45.0,95.0,127.0,11,1,10
Stasiun Gubeng,Balai Kota Surabaya,4190.1,40.0,584.11,Jalan Stasiun Gubeng,377.1,45.0,175.0,207.0,19,2,20
Stasiun Gubeng,Tugu Pahlawan,4342.2,40.0,609.8,Jalan Stasiun Gubeng,390.8,45.0,187.0,219.0,20,3,19
Stasiun Gubeng,Kebun Binatang Surabaya,4942.8,40.0,690.85,Jalan Stasiun Gubeng,444.9,75.0,192.0,246.0,16,4,24
Stasiun Gubeng,Monkasel Surabaya,647.3,40.0,131.26,Jalan Stasiun Gubeng,58.3,45.0,41.0,73.0,7,0,2
Stasiun Gubeng,House of Sampoerna,5452.8,40.0,760.75,Jalan Stasiun Gubeng,490.8,45.0,238.0,270.0,28,2,26
Stasiun Gubeng,Simpang Jl. Ahmad Yani,9006.1,40.0,1087.55,Jalan Stasiun Gubeng,810.5,90.0,225.0,277.0,11,8,30
Stasiun Gubeng,Simpang Wonokromo,7138.0,40.0,883.42,Jalan Stasiun Gubeng,642.4,90.0,189.0,241.0,10,7,23
Stasiun Gubeng,Simpang Darmo - Polda,3572.8,40.0,491.55,Jalan Stasiun Gubeng,321.6,45.0,138.0,170.0,17,2,11
Stasiun Gubeng,Simpang Urip Sumoharjo,3761.9,40.0,525.57,Jalan Stasiun Gubeng,338.6,45.0,155.0,187.0,17,4,10
Stasiun Gubeng,Simpang Basuki Rahmat,2216.6,40.0,318.49,Jalan Stasiun Gubeng,199.5,45.0,87.0,119.0,12,0,9
Stasiun Gubeng,Simpang Embong Malang,2744.8,40.0,376.03,Jalan Stasiun Gubeng,247.0,45.0,97.0,129.0,14,0,9
Stasiun Gubeng,Simpang Pemuda - Gubernur,2178.6,40.0,323.07,Jalan Stasiun Gubeng,196.1,30.0,105.0,127.0,6,3,15
Stasiun Gubeng,Bundaran Waru,10733.1,40.0,1248.98,Jalan Stasiun Gubeng,966.0,105.0,219.0,283.0,10,7,33
Stasiun Gubeng,Simpang Kenjeran,4106.4,40.0,633.58,Jalan Stasiun Gubeng,369.6,15.0,252.0,264.0,0,18,24
Stasiun Gubeng,Simpang Jl. Diponegoro,2090.4,40.0,278.14,Jalan Stasiun Gubeng,188.1,15.0,78.0,90.0,5,2,11
Stasiun Gubeng,Simpang Raya Darmo,4579.7,40.0,609.17,Jalan Stasiun Gubeng,412.2,45.0,165.0,197.0,11,5,20
Stasiun Gubeng,Simpang Joyoboyo,7307.5,40.0,960.67,Jalan Stasiun Gubeng,657.7,90.0,251.0,303.0,15,11,22
Stasiun Gubeng,Simpang HR Muhammad,4836.3,40.0,685.27,Jalan Stasiun Gubeng,435.3,90.0,198.0,250.0,9,12,11
Stasiun Gubeng,Simpang Mulyosari,6459.5,40.0,979.36,Jalan Stasiun Gubeng,581.4,15.0,386.0,398.0,11,28,17
Stasiun Pasar Turi,Terminal Wonokromo,13414.2,42.3,1270.57,Jalan Sumbermulyo I,924.6,30.0,326.0,346.0,24,17,12
Stasiun Pasar Turi,Pelabuhan Tanjung Perak,9396.4,40.0,1060.68,Jalan Sumbermulyo I,845.7,30.0,195.0,215.0,22,4,15
Stasiun Pasar Turi,RS Siloam Surabaya,4988.9,40.0,672.0,Jalan Sumbermulyo I,449.0,15.0,218.0,223.0,8,13,16
Stasiun Pasar Turi,Balai Kota Surabaya,3067.3,40.0,441.06,Jalan Sumbermulyo I,276.1,0.0,165.0,165.0,6,12,5
Stasiun Pasar Turi,Tugu Pahlawan,2798.1,40.0,407.83,Jalan Sumbermulyo I,251.8,0.0,156.0,156.0,6,12,2
Stasiun Pasar Turi,Masjid Al-Akbar,15007.3,45.4,1112.82,Jalan Sumbermulyo I,902.8,30.0,190.0,210.0,23,3,15
Stasiun Pasar Turi,Kebun Binatang Surabaya,13855.1,42.2,1321.26,Jalan Sumbermulyo I,964.3,30.0,337.0,357.0,23,18,14
Stasiun Pasar Turi,Monkasel Surabaya,6398.9,40.0,882.9,Jalan Sumbermulyo I,575.9,15.0,302.0,307.0,8,19,24
Stasiun Pasar Turi,Simpang Darmo - Polda,6519.8,40.0,845.78,Jalan Sumbermulyo I,586.8,15.0,247.0,259.0,6,10,39
Stasiun Pasar Turi,Simpang Urip Sumoharjo,4873.3,40.0,652.6,Jalan Sumbermulyo I,438.6,0.0,214.0,214.0,6,10,28
Stasiun Pasar Turi,Simpang Basuki Rahmat,4827.0,40.0,649.43,Jalan Sumbermulyo I,434.4,15.0,210.0,215.0,9,12,15
Stasiun Pasar Turi,Simpang Embong Malang,5355.2,40.0,706.97,Jalan Sumbermulyo I,482.0,15.0,220.0,225.0,11,12,15
Stasiun Pasar Turi,Simpang Pemuda - Gubernur,5583.7,40.0,793.53,Jalan Sumbermulyo I,502.5,0.0,291.0,291.0,8,20,17
Terminal Bungurasih,Terminal Wonokromo,6431.8,40.0,783.86,Jalan Dukuh Menanggal XI,578.9,0.0,205.0,205.0,5,9,30
Terminal Bungurasih,RSUD Dr. Soetomo,10768.8,40.0,1291.19,Jalan Dukuh Menanggal XI,969.2,0.0,322.0,322.0,5,15,49
Terminal Bungurasih,RS Premier Surabaya,8858.9,40.0,1275.3,Jalan Dukuh Menanggal XI,797.3,45.0,449.0,478.0,4,33,33
Terminal Bungurasih,RS Siloam Surabaya,10604.6,40.0,1264.41,Jalan Dukuh Menanggal XI,954.4,0.0,310.0,310.0,2,12,60
Terminal Bungurasih,Masjid Al-Akbar,2920.2,40.0,440.82,Jalan Dukuh Menanggal XI,262.8,0.0,178.0,178.0,6,10,16
Terminal Bungurasih,Kebun Binatang Surabaya,7700.6,40.0,942.05,Jalan Dukuh Menanggal XI,693.1,0.0,249.0,249.0,3,12,38
Terminal Bungurasih,Monkasel Surabaya,11483.1,40.0,1353.48,Jalan Dukuh Menanggal XI,1033.5,0.0,320.0,320.0,8,13,50
Terminal Bungurasih,Simpang Jl. Ahmad Yani,2769.6,40.0,386.26,Jalan Dukuh Menanggal XI,249.3,0.0,137.0,137.0,1,9,14
Terminal Bungurasih,Simpang Wonokromo,5722.2,40.0,694.0,Jalan Dukuh Menanggal XI,515.0,0.0,179.0,179.0,1,9,28
Terminal Bungurasih,Simpang Darmo - Polda,8030.6,40.0,969.75,Jalan Dukuh Menanggal XI,722.8,0.0,247.0,247.0,4,11,39
Terminal Bungurasih,Simpang Urip Sumoharjo,10018.7,40.0,1227.68,Jalan Dukuh Menanggal XI,901.7,0.0,326.0,326.0,7,15,47
Terminal Bungurasih,Simpang Basuki Rahmat,10652.9,40.0,1257.76,Jalan Dukuh Menanggal XI,958.8,0.0,299.0,299.0,3,11,58
Terminal Bungurasih,Simpang Embong Malang,11181.1,40.0,1315.3,Jalan Dukuh Menanggal XI,1006.3,0.0,309.0,309.0,5,11,58
Terminal Bungurasih,Bundaran Waru,659.4,40.0,153.35,Jalan Dukuh Menanggal XI,59.3,0.0,94.0,94.0,1,8,3
Terminal Bungurasih,Simpang Jl. Diponegoro,8935.3,40.0,1066.18,Jalan Dukuh Menanggal XI,804.2,0.0,262.0,262.0,2,12,44
Terminal Bungurasih,Simpang Raya Darmo,7001.9,40.0,840.17,Jalan Dukuh Menanggal XI,630.2,0.0,210.0,210.0,1,10,35
Terminal Bungurasih,Simpang Joyoboyo,5933.3,40.0,785.0,Jalan Dukuh Menanggal XI,534.0,0.0,251.0,251.0,6,14,27
Terminal Bungurasih,Simpang HR Muhammad,8633.3,40.0,1101.0,Jalan Dukuh Menanggal XI,777.0,0.0,324.0,324.0,2,20,38
Terminal Wonokromo,Pelabuhan Tanjung Perak,18638.9,42.7,1594.38,Jalan Gunung Sari,1400.4,0.0,194.0,194.0,19,3,23
Terminal Wonokromo,RSUD Dr. Soetomo,5528.5,40.0,750.56,Jalan Gunung Sari,497.6,0.0,253.0,253.0,3,16,26
Terminal Wonokromo,RS Siloam Surabaya,5674.9,40.0,726.74,Jalan Gunung Sari,510.7,0.0,216.0,216.0,2,11,32
Terminal Wonokromo,Masjid Al-Akbar,8080.3,41.7,726.23,Jalan Gunung Sari,574.2,0.0,152.0,152.0,20,1,14
Terminal Wonokromo,Kebun Binatang Surabaya,960.7,40.0,138.46,Jalan Gunung Sari,86.5,0.0,52.0,52.0,2,3,4
Terminal Wonokromo,Monkasel Surabaya,6242.8,40.0,812.85,Jalan Gunung Sari,561.9,0.0,251.0,251.0,6,14,27
Terminal Wonokromo,Simpang Jl. Ahmad Yani,5812.4,40.0,722.12,Jalan Gunung Sari,523.1,0.0,199.0,199.0,2,12,23
Terminal Wonokromo,Simpang Darmo - Polda,2685.8,40.0,368.72,Jalan Gunung Sari,241.7,15.0,115.0,127.0,4,5,15
Terminal Wonokromo,Simpang Urip Sumoharjo,5089.0,40.0,690.01,Jalan Gunung Sari,458.0,0.0,232.0,232.0,7,14,19
Terminal Wonokromo,Simpang Basuki Rahmat,5723.2,40.0,720.09,Jalan Gunung Sari,515.1,0.0,205.0,205.0,3,10,30
Terminal Wonokromo,Simpang Embong Malang,6251.4,40.0,777.63,Jalan Gunung Sari,562.6,0.0,215.0,215.0,5,10,30
Terminal Wonokromo,Bundaran Waru,7539.4,40.0,883.55,Jalan Gunung Sari,678.5,15.0,193.0,205.0,1,11,26
Terminal Wonokromo,Simpang Jl. Diponegoro,5277.9,40.0,668.01,Jalan Gunung Sari,475.0,0.0,193.0,193.0,2,12,21
Terminal Wonokromo,Simpang Raya Darmo,2072.2,40.0,302.5,Jalan Gunung Sari,186.5,0.0,116.0,116.0,1,9,7
Terminal Wonokromo,Simpang HR Muhammad,4975.9,40.0,702.83,Jalan Gunung Sari,447.8,0.0,255.0,255.0,2,20,15
Pelabuhan Tanjung Perak,Balai Kota Surabaya,6819.7,40.0,854.77,Unknown,613.8,0.0,241.0,241.0,4,11,37
Pelabuhan Tanjung Perak,Tugu Pahlawan,6550.5,40.0,821.55,Unknown,589.5,0.0,232.0,232.0,4,11,34
Pelabuhan Tanjung Perak,Masjid Al-Akbar,21059.0,45.0,1655.47,Unknown,1447.5,0.0,208.0,208.0,10,8,26
Pelabuhan Tanjung Perak,Kebun Binatang Surabaya,19906.8,42.1,1863.91,Unknown,1508.9,0.0,355.0,355.0,10,23,25
Pelabuhan Tanjung Perak,House of Sampoerna,5194.9,40.0,657.54,Unknown,467.5,0.0,190.0,190.0,3,10,25
RSUD Dr. Soetomo,RS Siloam Surabaya,2361.4,40.0,313.53,Jalan Sumatera,212.5,15.0,91.0,101.0,9,1,12
RSUD Dr. Soetomo,Balai Kota Surabaya,4816.9,40.0,641.52,Jalan Sumatera,433.5,30.0,188.0,208.0,21,2,21
RSUD Dr. Soetomo,Tugu Pahlawan,4969.0,40.0,667.21,Jalan Sumatera,447.2,30.0,200.0,220.0,22,3,20
RSUD Dr. Soetomo,Kebun Binatang Surabaya,4446.8,40.0,601.21,Jalan Sumatera,400.2,30.0,179.0,201.0,14,4,23
RSUD Dr. Soetomo,Monkasel Surabaya,842.3,40.0,122.81,Jalan Sumatera,75.8,15.0,37.0,47.0,5,0,4
RSUD Dr. Soetomo,Simpang Jl. Ahmad Yani,8510.1,40.0,997.91,Jalan Sumatera,765.9,45.0,212.0,232.0,9,8,29
RSUD Dr. Soetomo,Simpang Wonokromo,6642.0,40.0,793.78,Jalan Sumatera,597.8,45.0,176.0,196.0,8,7,22
RSUD Dr. Soetomo,Simpang Darmo - Polda,3076.8,40.0,401.91,Jalan Sumatera,276.9,0.0,125.0,125.0,15,2,10
RSUD Dr. Soetomo,Simpang Urip Sumoharjo,3265.9,40.0,435.93,Jalan Sumatera,293.9,0.0,142.0,142.0,15,4,9
RSUD Dr. Soetomo,Simpang Basuki Rahmat,2411.6,40.0,310.04,Jalan Sumatera,217.0,15.0,83.0,93.0,10,0,11
RSUD Dr. Soetomo,Simpang Embong Malang,2939.8,40.0,367.58,Jalan Sumatera,264.6,15.0,93.0,103.0,12,0,11
RSUD Dr. Soetomo,Simpang Pemuda - Gubernur,2805.4,40.0,380.49,Jalan Sumatera,252.5,15.0,118.0,128.0,8,3,16
RSUD Dr. Soetomo,Bundaran Waru,10237.1,40.0,1159.34,Jalan Sumatera,921.3,60.0,206.0,238.0,8,7,32
RSUD Dr. Soetomo,Simpang Kenjeran,4315.7,40.0,673.41,Jalan Sumatera,388.4,30.0,261.0,285.0,0,18,27
RSUD Dr. Soetomo,Simpang Jl. Diponegoro,1618.5,40.0,251.66,Jalan Sumatera,145.7,30.0,96.0,106.0,3,6,7
RSUD Dr. Soetomo,Simpang Raya Darmo,4083.7,40.0,519.53,Jalan Sumatera,367.5,0.0,152.0,152.0,9,5,19
RSUD Dr. Soetomo,Simpang Joyoboyo,6811.5,40.0,871.03,Jalan Sumatera,613.0,45.0,238.0,258.0,13,11,21
RSUD Dr. Soetomo,Simpang HR Muhammad,4340.3,40.0,595.63,Jalan Sumatera,390.6,45.0,185.0,205.0,7,12,10
RS Premier Surabaya,Kebun Binatang Surabaya,6969.5,40.0,1019.25,Jalan Nginden VI,627.3,45.0,358.0,392.0,25,17,21
RS Premier Surabaya,Monkasel Surabaya,7229.9,40.0,922.69,Jalan Nginden VI,650.7,0.0,272.0,272.0,30,5,24
RS Premier Surabaya,Simpang Jl. Ahmad Yani,5809.5,40.0,794.85,Jalan Nginden VI,522.9,30.0,248.0,272.0,22,6,26
RS Premier Surabaya,Simpang Wonokromo,5299.2,40.0,790.93,Jalan Nginden VI,476.9,45.0,280.0,314.0,19,14,15
RS Premier Surabaya,Simpang Darmo - Polda,5555.9,40.0,785.03,Jalan Nginden VI,500.0,0.0,285.0,285.0,33,6,20
RS Premier Surabaya,Simpang Urip Sumoharjo,6610.7,40.0,887.96,Jalan Nginden VI,595.0,0.0,293.0,293.0,36,5,21
RS Premier Surabaya,Bundaran Waru,7536.5,40.0,956.28,Jalan Nginden VI,678.3,45.0,242.0,278.0,21,5,29
RS Premier Surabaya,Simpang Jl. Diponegoro,4682.1,40.0,635.39,Jalan Nginden VI,421.4,0.0,214.0,214.0,24,4,18
RS Premier Surabaya,Simpang Raya Darmo,5277.2,40.0,750.95,Jalan Nginden VI,474.9,0.0,276.0,276.0,33,6,17
RS Premier Surabaya,Simpang Joyoboyo,5468.7,40.0,868.18,Jalan Nginden VI,492.2,45.0,342.0,376.0,24,18,14
RS Premier Surabaya,Simpang HR Muhammad,2434.1,40.0,362.07,Jalan Nginden VI,219.1,0.0,143.0,143.0,14,4,11
RS Siloam Surabaya,Balai Kota Surabaya,2787.2,40.0,368.85,Jalan Simpang Dukuh,250.8,15.0,108.0,118.0,10,1,16
RS Siloam Surabaya,Tugu Pahlawan,2939.3,40.0,394.54,Jalan Simpang Dukuh,264.5,15.0,120.0,130.0,11,2,15
RS Siloam Surabaya,Kebun Binatang Surabaya,4680.4,40.0,633.24,Jalan Simpang Dukuh,421.2,30.0,190.0,212.0,7,5,35
RS Siloam Surabaya,Monkasel Surabaya,1410.0,40.0,210.9,Jalan Simpang Dukuh,126.9,0.0,84.0,84.0,0,6,8
RS Siloam Surabaya,House of Sampoerna,4049.9,40.0,545.49,Jalan Simpang Dukuh,364.5,15.0,171.0,181.0,19,1,22
RS Siloam Surabaya,Simpang Jl. Ahmad Yani,10161.5,40.0,1232.53,Jalan Simpang Dukuh,914.5,45.0,298.0,318.0,8,15,36
RS Siloam Surabaya,Simpang Wonokromo,8293.4,40.0,1028.41,Jalan Simpang Dukuh,746.4,45.0,262.0,282.0,7,14,29
RS Siloam Surabaya,Simpang Darmo - Polda,3310.4,40.0,433.94,Jalan Simpang Dukuh,297.9,0.0,136.0,136.0,8,3,22
RS Siloam Surabaya,Simpang Urip Sumoharjo,3499.5,40.0,467.96,Jalan Simpang Dukuh,315.0,0.0,153.0,153.0,8,5,21
RS Siloam Surabaya,Simpang Embong Malang,2488.8,40.0,292.99,Jalan Simpang Dukuh,224.0,0.0,69.0,69.0,9,0,8
RS Siloam Surabaya,Simpang Pemuda - Gubernur,1839.0,40.0,251.51,Jalan Simpang Dukuh,165.5,0.0,86.0,86.0,2,4,12
RS Siloam Surabaya,Simpang Kenjeran,5503.1,40.0,791.28,Jalan Simpang Dukuh,495.3,30.0,286.0,296.0,1,20,27
RS Siloam Surabaya,Simpang Jl. Diponegoro,3269.9,40.0,486.29,Jalan Simpang Dukuh,294.3,30.0,182.0,192.0,2,13,14
RS Siloam Surabaya,Simpang Raya Darmo,4317.3,40.0,551.56,Jalan Simpang Dukuh,388.6,0.0,163.0,163.0,2,6,31
RS Siloam Surabaya,Simpang Joyoboyo,8462.9,40.0,1105.66,Jalan Simpang Dukuh,761.7,45.0,324.0,344.0,12,18,28
RS Siloam Surabaya,Simpang HR Muhammad,5991.7,40.0,830.25,Jalan Simpang Dukuh,539.3,45.0,271.0,291.0,6,19,17
Balai Kota Surabaya,Tugu Pahlawan,775.6,40.0,117.8,Jalan Pahlawan,69.8,0.0,48.0,48.0,1,1,11
Balai Kota Surabaya,Masjid Al-Akbar,16577.8,43.9,1311.16,Jalan Pahlawan,1044.2,30.0,247.0,267.0,31,2,24
Balai Kota Surabaya,Monkasel Surabaya,3062.4,40.0,444.62,Jalan Pahlawan,275.6,15.0,157.0,169.0,0,7,29
Balai Kota Surabaya,House of Sampoerna,1886.2,40.0,268.76,Jalan Pahlawan,169.8,0.0,99.0,99.0,9,0,18
Balai Kota Surabaya,Simpang Darmo - Polda,5852.5,40.0,734.73,Jalan Pahlawan,526.7,15.0,196.0,208.0,3,4,47
Balai Kota Surabaya,Simpang Urip Sumoharjo,4206.0,40.0,541.54,Jalan Pahlawan,378.5,0.0,163.0,163.0,3,4,36
Balai Kota Surabaya,Simpang Basuki Rahmat,1490.5,40.0,211.15,Jalan Pahlawan,134.1,15.0,65.0,77.0,1,0,20
Balai Kota Surabaya,Simpang Embong Malang,2018.7,40.0,268.68,Jalan Pahlawan,181.7,15.0,75.0,87.0,3,0,20
Balai Kota Surabaya,Simpang Pemuda - Gubernur,2539.8,40.0,369.58,Jalan Pahlawan,228.6,0.0,141.0,141.0,2,8,17
Balai Kota Surabaya,Simpang Kenjeran,5191.4,40.0,911.23,Jalan Pahlawan,467.2,0.0,444.0,444.0,2,38,18
Balai Kota Surabaya,Simpang Jl. Diponegoro,5208.8,40.0,779.79,Jalan Pahlawan,468.8,45.0,289.0,311.0,3,19,28
Balai Kota Surabaya,Simpang Raya Darmo,5969.7,40.0,785.27,Jalan Pahlawan,537.3,15.0,236.0,248.0,2,7,52
Balai Kota Surabaya,Simpang HR Muhammad,7930.6,40.0,1123.75,Jalan Pahlawan,713.8,60.0,378.0,410.0,7,25,31
Tugu Pahlawan,Masjid Al-Akbar,16223.5,44.6,1252.28,Jalan Pahlawan,1012.3,30.0,220.0,240.0,31,2,15
Tugu Pahlawan,Monkasel Surabaya,3874.1,40.0,519.67,Jalan Pasar Besar Wetan,348.7,0.0,171.0,171.0,3,9,22
Tugu Pahlawan,House of Sampoerna,1531.9,40.0,209.87,Jalan Pahlawan,137.9,0.0,72.0,72.0,9,0,9
Tugu Pahlawan,Simpang Darmo - Polda,5774.5,40.0,742.71,Jalan Pasar Besar Wetan,519.7,0.0,223.0,223.0,11,6,36
Tugu Pahlawan,Simpang Urip Sumoharjo,4065.5,40.0,528.89,Jalan Pahlawan,365.9,0.0,163.0,163.0,8,3,31
Tugu Pahlawan,Simpang Basuki Rahmat,2302.2,40.0,286.2,Jalan Pasar Besar Wetan,207.2,0.0,79.0,79.0,4,2,13
Tugu Pahlawan,Simpang Embong Malang,2830.4,40.0,343.74,Jalan Pasar Besar Wetan,254.7,0.0,89.0,89.0,6,2,13
Tugu Pahlawan,Simpang Pemuda - Gubernur,2785.6,40.0,385.7,Jalan Pasar Besar Wetan,250.7,0.0,135.0,135.0,2,8,15
Tugu Pahlawan,Simpang Kenjeran,4152.8,40.0,710.75,Jalan Pasar Besar Wetan,373.8,0.0,337.0,337.0,5,27,14
Tugu Pahlawan,Simpang Jl. Diponegoro,5454.6,40.0,795.91,Jalan Pasar Besar Wetan,490.9,45.0,283.0,305.0,3,19,26
Masjid Al-Akbar,Kebun Binatang Surabaya,7624.0,40.0,1002.16,Jalan Gayungsari Baru VI,686.2,0.0,316.0,316.0,5,18,37
Masjid Al-Akbar,Monkasel Surabaya,11406.5,40.0,1413.58,Jalan Gayungsari Baru VI,1026.6,0.0,387.0,387.0,10,19,49
Masjid Al-Akbar,Simpang Jl. Ahmad Yani,2693.0,40.0,446.37,Jalan Gayungsari Baru VI,242.4,0.0,204.0,204.0,3,15,13
Masjid Al-Akbar,Simpang Wonokromo,5645.6,40.0,754.1,Jalan Gayungsari Baru VI,508.1,0.0,246.0,246.0,3,15,27
Masjid Al-Akbar,Simpang Darmo - Polda,7954.0,40.0,1029.86,Jalan Gayungsari Baru VI,715.9,0.0,314.0,314.0,6,17,38
Masjid Al-Akbar,Simpang Urip Sumoharjo,9942.1,40.0,1287.79,Jalan Gayungsari Baru VI,894.8,0.0,393.0,393.0,9,21,46
Masjid Al-Akbar,Simpang Basuki Rahmat,10576.3,40.0,1317.87,Jalan Gayungsari Baru VI,951.9,0.0,366.0,366.0,5,17,57
Masjid Al-Akbar,Simpang Embong Malang,11104.5,40.0,1375.41,Jalan Gayungsari Baru VI,999.4,0.0,376.0,376.0,7,17,57
Masjid Al-Akbar,Bundaran Waru,2966.4,40.0,470.98,Jalan Gayungsari Baru VI,267.0,0.0,204.0,204.0,5,14,13
Masjid Al-Akbar,Simpang Jl. Diponegoro,8858.7,40.0,1126.28,Jalan Gayungsari Baru VI,797.3,0.0,329.0,329.0,4,18,43
Masjid Al-Akbar,Simpang Raya Darmo,6925.3,40.0,900.28,Jalan Gayungsari Baru VI,623.3,0.0,277.0,277.0,3,16,34
Masjid Al-Akbar,Simpang Joyoboyo,5856.7,40.0,845.1,Jalan Gayungsari Baru VI,527.1,0.0,318.0,318.0,8,20,26
Masjid Al-Akbar,Simpang HR Muhammad,8556.7,40.0,1161.1,Jalan Gayungsari Baru VI,770.1,0.0,391.0,391.0,4,26,37
Kebun Binatang Surabaya,Monkasel Surabaya,5354.7,40.0,685.92,Jalan Hayam Wuruk,481.9,15.0,192.0,204.0,5,8,29
Kebun Binatang Surabaya,Simpang Jl. Ahmad Yani,6068.5,40.0,741.16,Jalan Hayam Wuruk,546.2,0.0,195.0,195.0,2,11,25
Kebun Binatang Surabaya,Simpang Wonokromo,2815.3,40.0,386.38,Jalan Hayam Wuruk,253.4,0.0,133.0,133.0,1,8,16
Kebun Binatang Surabaya,Simpang Darmo - Polda,1725.1,40.0,230.26,Jalan Hayam Wuruk,155.3,15.0,63.0,75.0,2,2,11
Kebun Binatang Surabaya,Simpang Urip Sumoharjo,3536.3,40.0,496.27,Jalan Hayam Wuruk,318.3,15.0,166.0,178.0,4,8,22
Kebun Binatang Surabaya,Simpang Basuki Rahmat,4835.1,40.0,593.16,Jalan Hayam Wuruk,435.2,15.0,146.0,158.0,2,4,32
Kebun Binatang Surabaya,Simpang Embong Malang,5363.3,40.0,650.7,Jalan Hayam Wuruk,482.7,15.0,156.0,168.0,4,4,32
Kebun Binatang Surabaya,Bundaran Waru,7795.5,40.0,902.59,Jalan Hayam Wuruk,701.6,15.0,189.0,201.0,1,10,28
Kebun Binatang Surabaya,Simpang Jl. Diponegoro,3249.0,40.0,496.41,Jalan Hayam Wuruk,292.4,15.0,192.0,204.0,1,13,19
Kebun Binatang Surabaya,Simpang Raya Darmo,1124.0,40.0,189.16,Jalan Hayam Wuruk,101.2,30.0,73.0,88.0,3,4,6
Kebun Binatang Surabaya,Simpang Joyoboyo,3761.6,40.0,517.54,Jalan Hayam Wuruk,338.5,0.0,179.0,179.0,16,6,13
Kebun Binatang Surabaya,Simpang HR Muhammad,3368.2,40.0,582.14,Jalan Hayam Wuruk,303.1,15.0,267.0,279.0,1,22,14
Monkasel Surabaya,House of Sampoerna,5546.5,40.0,729.19,Jalan Plaza Boulevard,499.2,15.0,220.0,230.0,25,2,25
Monkasel Surabaya,Simpang Jl. Ahmad Yani,9788.8,40.0,1158.99,Unknown,881.0,60.0,246.0,278.0,9,9,37
Monkasel Surabaya,Simpang Wonokromo,7920.7,40.0,954.86,Unknown,712.9,60.0,210.0,242.0,8,8,30
Monkasel Surabaya,Simpang Darmo - Polda,3092.0,40.0,388.28,Jalan Plaza Boulevard,278.3,0.0,110.0,110.0,10,0,20
Monkasel Surabaya,Simpang Urip Sumoharjo,3281.1,40.0,422.3,Jalan Plaza Boulevard,295.3,0.0,127.0,127.0,10,2,19
Monkasel Surabaya,Simpang Basuki Rahmat,1878.5,40.0,221.06,Jalan Plaza Boulevard,169.1,0.0,52.0,52.0,5,0,9
Monkasel Surabaya,Simpang Embong Malang,2406.7,40.0,278.6,Jalan Plaza Boulevard,216.6,0.0,62.0,62.0,7,0,9
Monkasel Surabaya,Simpang Pemuda - Gubernur,2272.3,40.0,291.51,Jalan Plaza Boulevard,204.5,0.0,87.0,87.0,3,3,14
Monkasel Surabaya,Bundaran Waru,11515.8,40.0,1320.42,Unknown,1036.4,75.0,240.0,284.0,8,8,40
Monkasel Surabaya,Simpang Kenjeran,5281.2,40.0,736.31,Jalan Plaza Boulevard,475.3,30.0,251.0,261.0,2,16,27
Monkasel Surabaya,Simpang Jl. Diponegoro,2897.2,40.0,412.75,Unknown,260.7,45.0,130.0,152.0,3,7,15
Monkasel Surabaya,Simpang Raya Darmo,4098.9,40.0,505.9,Jalan Plaza Boulevard,368.9,0.0,137.0,137.0,4,3,29
Monkasel Surabaya,Simpang Joyoboyo,8090.2,40.0,1032.12,Unknown,728.1,60.0,272.0,304.0,13,12,29
Monkasel Surabaya,Simpang HR Muhammad,5619.0,40.0,756.71,Unknown,505.7,60.0,219.0,251.0,7,13,18
Monkasel Surabaya,Simpang Mulyosari,7634.3,40.0,1082.09,Jalan Plaza Boulevard,687.1,30.0,385.0,395.0,13,26,20
House of Sampoerna,Simpang Basuki Rahmat,3887.9,40.0,517.91,Jalan Jaga Raga,349.9,0.0,168.0,168.0,6,6,26
House of Sampoerna,Simpang Embong Malang,4416.1,40.0,575.45,Jalan Jaga Raga,397.4,0.0,178.0,178.0,8,6,26
House of Sampoerna,Simpang Pemuda - Gubernur,4291.9,40.0,625.27,Jalan Jaga Raga,386.3,0.0,239.0,239.0,4,15,23
House of Sampoerna,Simpang Kenjeran,5246.9,40.0,904.22,Jalan Jaga Raga,472.2,0.0,432.0,432.0,3,39,9
Simpang Jl. Ahmad Yani,Simpang Wonokromo,2952.6,40.0,307.73,Jalan Jenderal Ahmad Yani,265.7,0.0,42.0,42.0,0,0,14
Simpang Jl. Ahmad Yani,Simpang Darmo - Polda,5261.0,40.0,583.49,Jalan Jenderal Ahmad Yani,473.5,0.0,110.0,110.0,3,2,25
Simpang Jl. Ahmad Yani,Simpang Urip Sumoharjo,7249.1,40.0,841.42,Jalan Jenderal Ahmad Yani,652.4,0.0,189.0,189.0,6,6,33
Simpang Jl. Ahmad Yani,Simpang Basuki Rahmat,7883.3,40.0,871.5,Jalan Jenderal Ahmad Yani,709.5,0.0,162.0,162.0,2,2,44
Simpang Jl. Ahmad Yani,Simpang Embong Malang,8411.5,40.0,929.04,Jalan Jenderal Ahmad Yani,757.0,0.0,172.0,172.0,4,2,44
Simpang Jl. Ahmad Yani,Bundaran Waru,2270.1,40.0,253.31,Unknown,204.3,15.0,37.0,49.0,0,1,9
Simpang Jl. Ahmad Yani,Simpang Jl. Diponegoro,6165.7,40.0,679.91,Jalan Jenderal Ahmad Yani,554.9,0.0,125.0,125.0,1,3,30
Simpang Jl. Ahmad Yani,Simpang Raya Darmo,4232.3,40.0,453.91,Jalan Jenderal Ahmad Yani,380.9,0.0,73.0,73.0,0,1,21
Simpang Jl. Ahmad Yani,Simpang Joyoboyo,3163.7,40.0,398.73,Jalan Jenderal Ahmad Yani,284.7,0.0,114.0,114.0,5,5,13
Simpang Jl. Ahmad Yani,Simpang HR Muhammad,5863.7,40.0,714.73,Jalan Jenderal Ahmad Yani,527.7,0.0,187.0,187.0,1,11,24
Simpang Wonokromo,Simpang Darmo - Polda,2320.4,40.0,292.84,Jalan Wonokromo,208.8,0.0,84.0,84.0,3,3,13
Simpang Wonokromo,Simpang Urip Sumoharjo,4308.5,40.0,550.76,Jalan Wonokromo,387.8,0.0,163.0,163.0,6,7,21
Simpang Wonokromo,Simpang Basuki Rahmat,4942.7,40.0,580.84,Jalan Wonokromo,444.8,0.0,136.0,136.0,2,3,32
Simpang Wonokromo,Simpang Embong Malang,5470.9,40.0,638.38,Jalan Wonokromo,492.4,0.0,146.0,146.0,4,3,32
Simpang Wonokromo,Bundaran Waru,6758.9,40.0,744.3,Jalan Wonokromo,608.3,15.0,124.0,136.0,0,4,28
Simpang Wonokromo,Simpang Jl. Diponegoro,4497.4,40.0,528.77,Jalan Wonokromo,404.8,0.0,124.0,124.0,1,5,23
Simpang Wonokromo,Simpang Raya Darmo,1291.7,40.0,163.25,Jalan Wonokromo,116.3,0.0,47.0,47.0,0,2,9
Simpang Wonokromo,Simpang Joyoboyo,1435.3,40.0,192.18,Jalan Pulo Wonokromo,129.2,0.0,63.0,63.0,5,2,6
Simpang Wonokromo,Simpang HR Muhammad,4195.4,40.0,563.59,Jalan Wonokromo,377.6,0.0,186.0,186.0,1,13,17
Simpang Darmo - Polda,Simpang Urip Sumoharjo,2162.0,40.0,327.58,Jalan Dokter Soetomo,194.6,0.0,133.0,133.0,6,7,11
Simpang Darmo - Polda,Simpang Basuki Rahmat,3616.5,40.0,456.48,Jalan Trunojoyo,325.5,0.0,131.0,131.0,5,4,22
Simpang Darmo - Polda,Simpang Embong Malang,4144.7,40.0,514.02,Jalan Trunojoyo,373.0,0.0,141.0,141.0,7,4,22
Simpang Darmo - Polda,Simpang Pemuda - Gubernur,5407.2,40.0,714.65,Jalan Trunojoyo,486.6,0.0,228.0,228.0,6,9,36
Simpang Darmo - Polda,Bundaran Waru,7988.1,40.0,912.93,Jalan Trunojoyo,718.9,15.0,182.0,194.0,5,7,29
Simpang Darmo - Polda,Simpang Jl. Diponegoro,3124.3,40.0,439.19,Jalan Trunojoyo,281.2,0.0,158.0,158.0,2,10,16
Simpang Darmo - Polda,Simpang Raya Darmo,1632.5,40.0,217.92,Jalan Trunojoyo,146.9,0.0,71.0,71.0,2,4,7
Simpang Darmo - Polda,Simpang Joyoboyo,4562.5,40.0,624.62,Jalan Trunojoyo,410.6,0.0,214.0,214.0,10,11,18
Simpang Darmo - Polda,Simpang HR Muhammad,3243.5,40.0,524.92,Jalan Trunojoyo,291.9,0.0,233.0,233.0,2,19,11
Simpang Urip Sumoharjo,Simpang Basuki Rahmat,2483.6,40.0,349.52,Jalan Tempel Sukorejo 1,223.5,0.0,126.0,126.0,4,7,12
Simpang Urip Sumoharjo,Simpang Embong Malang,3011.8,40.0,407.06,Jalan Tempel Sukorejo 1,271.1,0.0,136.0,136.0,6,7,12
Simpang Urip Sumoharjo,Simpang Pemuda - Gubernur,4856.9,40.0,646.12,Jalan Tempel Sukorejo 1,437.1,0.0,209.0,209.0,5,10,28
Simpang Urip Sumoharjo,Bundaran Waru,10138.7,40.0,1182.48,Jalan Tempel Sukorejo 1,912.5,30.0,246.0,270.0,4,10,42
Simpang Urip Sumoharjo,Simpang Jl. Diponegoro,2151.5,40.0,402.63,Jalan Tempel Sukorejo 1,193.6,30.0,199.0,209.0,3,16,8
Simpang Urip Sumoharjo,Simpang Raya Darmo,3558.5,40.0,459.27,Jalan Tempel Sukorejo 1,320.3,15.0,127.0,139.0,2,6,19
Simpang Urip Sumoharjo,Simpang Joyoboyo,6713.1,40.0,894.18,Jalan Tempel Sukorejo 1,604.2,15.0,278.0,290.0,9,14,31
Simpang Urip Sumoharjo,Simpang HR Muhammad,4873.3,40.0,746.6,Jalan Tempel Sukorejo 1,438.6,45.0,288.0,308.0,7,22,11
Simpang Basuki Rahmat,Simpang Embong Malang,528.2,40.0,57.54,Jalan Embong Malang,47.5,0.0,10.0,10.0,2,0,0
Simpang Basuki Rahmat,Simpang Pemuda - Gubernur,3102.7,40.0,455.24,Jalan Embong Malang,279.2,15.0,171.0,176.0,5,11,12
Simpang Basuki Rahmat,Simpang Kenjeran,6288.5,40.0,966.96,Jalan Embong Malang,566.0,15.0,396.0,401.0,5,29,27
Simpang Basuki Rahmat,Simpang Jl. Diponegoro,5469.0,40.0,767.21,Jalan Embong Malang,492.2,45.0,260.0,275.0,5,16,25
Simpang Basuki Rahmat,Simpang Raya Darmo,5410.0,40.0,673.9,Jalan Embong Malang,486.9,15.0,175.0,187.0,6,4,35
Simpang Basuki Rahmat,Simpang HR Muhammad,8190.8,40.0,1111.17,Jalan Embong Malang,737.2,60.0,349.0,374.0,9,22,28
Simpang Embong Malang,Simpang Pemuda - Gubernur,2574.5,40.0,397.7,Jalan Embong Malang,231.7,15.0,161.0,166.0,3,11,12
Simpang Embong Malang,Simpang Kenjeran,5760.3,40.0,909.43,Jalan Embong Malang,518.4,15.0,386.0,391.0,3,29,27
Simpang Embong Malang,Simpang Jl. Diponegoro,4940.8,40.0,709.67,Jalan Embong Malang,444.7,45.0,250.0,265.0,3,16,25
Simpang Embong Malang,Simpang Raya Darmo,4881.8,40.0,616.36,Jalan Embong Malang,439.4,15.0,165.0,177.0,4,4,35
Simpang Embong Malang,Simpang HR Muhammad,7662.6,40.0,1053.63,Jalan Embong Malang,689.6,60.0,339.0,364.0,7,22,28
Simpang Pemuda - Gubernur,Simpang Kenjeran,4112.1,40.0,707.09,Jalan Ngemplak Gang Buntoe,370.1,0.0,337.0,337.0,6,25,19
Simpang Pemuda - Gubernur,Simpang Jl. Diponegoro,3733.2,40.0,556.99,Jalan Ngemplak Gang Buntoe,336.0,45.0,199.0,221.0,3,13,18
Simpang Pemuda - Gubernur,Simpang Raya Darmo,6198.4,40.0,824.86,Jalan Ngemplak Gang Buntoe,557.9,15.0,255.0,267.0,9,12,30
Simpang Pemuda - Gubernur,Simpang Joyoboyo,8926.2,40.0,1176.36,Jalan Ngemplak Gang Buntoe,803.4,60.0,341.0,373.0,13,18,32
Simpang Pemuda - Gubernur,Simpang HR Muhammad,6455.0,40.0,900.95,Jalan Ngemplak Gang Buntoe,580.9,60.0,288.0,320.0,7,19,21
Bundaran Waru,Simpang Jl. Diponegoro,9033.9,40.0,1030.05,Jalan Raya Waru,813.1,0.0,217.0,217.0,3,7,44
Bundaran Waru,Simpang Raya Darmo,7100.5,40.0,804.05,Jalan Raya Waru,639.0,0.0,165.0,165.0,2,5,35
Bundaran Waru,Simpang Joyoboyo,6031.9,40.0,748.87,Jalan Raya Waru,542.9,0.0,206.0,206.0,7,9,27
Bundaran Waru,Simpang HR Muhammad,8731.9,40.0,1064.87,Jalan Raya Waru,785.9,0.0,279.0,279.0,3,15,38
Simpang Kenjeran,Simpang Jl. Diponegoro,6254.5,40.0,884.91,Jalan Kenjeran,562.9,15.0,310.0,322.0,14,15,30
Simpang Kenjeran,Simpang Mulyosari,3490.8,40.0,518.17,Jalan Haji Mohammad Noer,314.2,0.0,204.0,204.0,5,14,13
Simpang Jl. Diponegoro,Simpang Raya Darmo,2943.1,40.0,397.88,Jalan Bagong Pasar II-A,264.9,0.0,133.0,133.0,7,5,16
Simpang Jl. Diponegoro,Simpang Joyoboyo,5162.0,40.0,636.58,Jalan Bagong Pasar II-A,464.6,0.0,172.0,172.0,7,8,19
Simpang Jl. Diponegoro,Simpang HR Muhammad,2690.8,40.0,361.17,Jalan Bagong Pasar II-A,242.2,0.0,119.0,119.0,1,9,8
Simpang Raya Darmo,Simpang Joyoboyo,3685.3,40.0,501.68,Unknown,331.7,0.0,170.0,170.0,7,9,15
Simpang Raya Darmo,Simpang HR Muhammad,2582.8,40.0,444.45,Unknown,232.5,0.0,212.0,212.0,1,18,9
Simpang Joyoboyo,Simpang HR Muhammad,4481.7,40.0,627.35,Jalan Karang Rejo Sawah XII A,403.4,0.0,224.0,224.0,6,14,18
